{
  "model_type": "dnn",
  "best_params": {
    "n_layers": 4,
    "hidden_layer_0": 271,
    "hidden_layer_1": 280,
    "hidden_layer_2": 136,
    "hidden_layer_3": 386,
    "dropout_rate": 0.33308814800263065,
    "learning_rate": 0.0012488685646520866,
    "batch_size": 32,
    "optimizer": "adam",
    "activation": "elu",
    "use_batch_norm": false,
    "weight_decay": 1.5352700697287723e-05,
    "focal_alpha": 0.2169904606517622,
    "focal_gamma": 2.009604881544808
  },
  "best_value": 0.7298245614035088,
  "best_values": null,
  "parameter_importance": {
    "hidden_layer_1": 0.23006081308064075,
    "hidden_layer_0": 0.12455828142977063,
    "activation": 0.11113629489460718,
    "focal_gamma": 0.11039261778749063,
    "hidden_layer_2": 0.08498387631574143,
    "learning_rate": 0.07451089558523225,
    "optimizer": 0.05599073408852438,
    "focal_alpha": 0.05569351583622198,
    "weight_decay": 0.05475347856464958,
    "batch_size": 0.041826918889960533,
    "dropout_rate": 0.019590254484061,
    "hidden_layer_3": 0.018251159521549862,
    "n_layers": 0.018251159521549765,
    "use_batch_norm": 0.0
  },
  "n_trials": 3,
  "optimization_config": {
    "study_name": "credit_risk_optimization",
    "storage_url": null,
    "direction": "maximize",
    "use_multi_objective": false,
    "objectives": [
      "accuracy",
      "energy_efficiency"
    ],
    "n_trials": 3,
    "timeout": null,
    "n_jobs": 1,
    "sampler_type": "tpe",
    "sampler_params": {},
    "pruner_type": "median",
    "pruner_params": {},
    "cv_folds": 2,
    "cv_scoring": "roc_auc",
    "early_stopping_rounds": 3,
    "min_improvement": 0.001,
    "track_energy": false,
    "energy_weight": 0.3,
    "save_results": true,
    "results_path": "optimization_results",
    "max_epochs_per_trial": 10,
    "validation_split": 0.2
  },
  "timestamp": "2025-10-08T21:37:59.666725"
}